context_id,vignette_id,mean_rating,weight_all30,weight_within_game,source_id_context,game_context,frame,source_id_vignette,game_vignette,setting,setting_code,sender_category,sender_action,receiver_action,joint_action,matching_game
T01,V01,29.0,0.0188753811201652,,UG_MARKET,UG,Market,TG-C-CC-P,TG,personal,P,Cooperation,C,C,C-C,False
T01,V02,50.666666666666664,0.032948952992923504,,UG_MARKET,UG,Market,DG-S-K,DG,anonymous market,K,Self-interest,D,None,D-NA,False
T01,V03,27.0,0.01757084603561661,,UG_MARKET,UG,Market,TG-S-DC-P,TG,personal,P,Self-interest,D,C,D-C,False
T01,V04,33.666666666666664,0.021719690238921757,,UG_MARKET,UG,Market,DG-S-P,DG,personal,P,Self-interest,D,None,D-NA,False
T01,V05,89.33333333333333,0.058272196006486865,0.09805537645842122,UG_MARKET,UG,Market,UG-S-DD-K,UG,anonymous market,K,Self-interest,D,D,D-D,True
T01,V06,33.0,0.021433972823675467,,UG_MARKET,UG,Market,TG-M-CC-K,TG,anonymous market,K,Moral,C,C,C-C,False
T01,V07,37.0,0.023936402713375108,,UG_MARKET,UG,Market,DG-M-P,DG,personal,P,Moral,C,None,C-NA,False
T01,V08,73.66666666666667,0.04807668262757515,0.08078503128911722,UG_MARKET,UG,Market,UG-C-CC-P,UG,personal,P,Cooperation,C,C,C-C,True
T01,V09,90.0,0.05872975720529721,0.09877531886302886,UG_MARKET,UG,Market,UG-S-DC-K,UG,anonymous market,K,Self-interest,D,C,D-C,True
T01,V10,72.0,0.04696832639034848,0.07893933286208277,UG_MARKET,UG,Market,UG-C-CC-K,UG,anonymous market,K,Cooperation,C,C,C-C,True
T01,V11,34.333333333333336,0.022313548461496968,,UG_MARKET,UG,Market,TG-S-DC-K,TG,anonymous market,K,Self-interest,D,C,D-C,False
T01,V12,72.66666666666667,0.0475209545049008,0.07990352800736567,UG_MARKET,UG,Market,UG-S-DD-P,UG,personal,P,Self-interest,D,D,D-D,True
T01,V13,78.0,0.05083734319383917,0.0854648370256219,UG_MARKET,UG,Market,UG-M-CC-K,UG,anonymous market,K,Moral,C,C,C-C,True
T01,V14,78.0,0.05083734319383917,0.0854648370256219,UG_MARKET,UG,Market,UG-M-CD-K,UG,anonymous market,K,Moral,C,D,C-D,True
T01,V15,68.0,0.04440384467140637,0.07463861434322624,UG_MARKET,UG,Market,UG-M-CD-P,UG,personal,P,Moral,C,D,C-D,True
T01,V16,28.0,0.01819198432966561,,UG_MARKET,UG,Market,TG-C-CD-P,TG,personal,P,Cooperation,C,D,C-D,False
T01,V17,46.333333333333336,0.030057678751118328,,UG_MARKET,UG,Market,DG-C-K,DG,anonymous market,K,Cooperation,C,None,C-NA,False
T01,V18,29.0,0.018821957646862366,,UG_MARKET,UG,Market,TG-M-CC-P,TG,personal,P,Moral,C,C,C-C,False
T01,V19,34.0,0.022058056125440383,,UG_MARKET,UG,Market,TG-C-CD-K,TG,anonymous market,K,Cooperation,C,D,C-D,False
T01,V20,69.66666666666667,0.045547747668432226,0.07643847035474532,UG_MARKET,UG,Market,UG-M-CC-P,UG,personal,P,Moral,C,C,C-C,True
T01,V21,73.0,0.04764583316541623,0.08009942566950735,UG_MARKET,UG,Market,UG-C-CD-K,UG,anonymous market,K,Cooperation,C,D,C-D,True
T01,V22,37.333333333333336,0.02413847157612886,,UG_MARKET,UG,Market,DG-C-P,DG,personal,P,Cooperation,C,None,C-NA,False
T01,V23,74.0,0.0483025182192644,0.08117172889159209,UG_MARKET,UG,Market,UG-C-CD-P,UG,personal,P,Cooperation,C,D,C-D,True
T01,V24,33.333333333333336,0.02163015167099738,,UG_MARKET,UG,Market,TG-S-DD-K,TG,anonymous market,K,Self-interest,D,D,D-D,False
T01,V25,32.333333333333336,0.020979356632581044,,UG_MARKET,UG,Market,TG-M-CD-K,TG,anonymous market,K,Moral,C,D,C-D,False
T01,V26,35.0,0.022741452915939972,,UG_MARKET,UG,Market,TG-C-CC-K,TG,anonymous market,K,Cooperation,C,C,C-C,False
T01,V27,73.0,0.047749735104305975,0.08026349920966948,UG_MARKET,UG,Market,UG-S-DC-P,UG,personal,P,Self-interest,D,C,D-C,True
T01,V28,50.0,0.03244091332852626,,UG_MARKET,UG,Market,DG-M-K,DG,anonymous market,K,Moral,C,None,C-NA,False
T01,V29,28.0,0.018135615848646855,,UG_MARKET,UG,Market,TG-M-CD-P,TG,personal,P,Moral,C,D,C-D,False
T01,V30,26.333333333333332,0.017113284836806273,,UG_MARKET,UG,Market,TG-S-DD-P,TG,personal,P,Self-interest,D,D,D-D,False
T02,V01,83.33333333333333,0.04862814698056014,0.08438899384779346,TG_BONUS,TG,Bonus,TG-C-CC-P,TG,personal,P,Cooperation,C,C,C-C,True
T02,V02,48.0,0.02795942337597045,,TG_BONUS,TG,Bonus,DG-S-K,DG,anonymous market,K,Self-interest,D,None,D-NA,False
T02,V03,77.33333333333333,0.045104318051097124,0.07829998408315514,TG_BONUS,TG,Bonus,TG-S-DC-P,TG,personal,P,Self-interest,D,C,D-C,True
T02,V04,37.333333333333336,0.021713200177450973,,TG_BONUS,TG,Bonus,DG-S-P,DG,personal,P,Self-interest,D,None,D-NA,False
T02,V05,27.666666666666668,0.016080726616262923,,TG_BONUS,TG,Bonus,UG-S-DD-K,UG,anonymous market,K,Self-interest,D,D,D-D,False
T02,V06,88.0,0.05131782539042621,0.08910120345187922,TG_BONUS,TG,Bonus,TG-M-CC-K,TG,anonymous market,K,Moral,C,C,C-C,True
T02,V07,44.0,0.025641039032221025,,TG_BONUS,TG,Bonus,DG-M-P,DG,personal,P,Moral,C,None,C-NA,False
T02,V08,36.333333333333336,0.021144814523105,,TG_BONUS,TG,Bonus,UG-C-CC-P,UG,personal,P,Cooperation,C,C,C-C,False
T02,V09,28.333333333333332,0.016476374489655606,,TG_BONUS,TG,Bonus,UG-S-DC-K,UG,anonymous market,K,Self-interest,D,C,D-C,False
T02,V10,38.0,0.02212557215467235,,TG_BONUS,TG,Bonus,UG-C-CC-K,UG,anonymous market,K,Cooperation,C,C,C-C,False
T02,V11,79.66666666666667,0.04646880778072909,0.08066525491173071,TG_BONUS,TG,Bonus,TG-S-DC-K,TG,anonymous market,K,Self-interest,D,C,D-C,True
T02,V12,31.666666666666668,0.018419388787254756,,TG_BONUS,TG,Bonus,UG-S-DD-P,UG,personal,P,Self-interest,D,D,D-D,False
T02,V13,47.333333333333336,0.027602554295355727,,TG_BONUS,TG,Bonus,UG-M-CC-K,UG,anonymous market,K,Moral,C,C,C-C,False
T02,V14,46.0,0.026809481686863517,,TG_BONUS,TG,Bonus,UG-M-CD-K,UG,anonymous market,K,Moral,C,D,C-D,False
T02,V15,34.333333333333336,0.019950763456099547,,TG_BONUS,TG,Bonus,UG-M-CD-P,UG,personal,P,Moral,C,D,C-D,False
T02,V16,81.33333333333333,0.0474412033603821,0.08234817752126283,TG_BONUS,TG,Bonus,TG-C-CD-P,TG,personal,P,Cooperation,C,D,C-D,True
T02,V17,55.0,0.03205592403166017,,TG_BONUS,TG,Bonus,DG-C-K,DG,anonymous market,K,Cooperation,C,None,C-NA,False
T02,V18,86.33333333333333,0.05033529089715202,0.08741044006615871,TG_BONUS,TG,Bonus,TG-M-CC-P,TG,personal,P,Moral,C,C,C-C,True
T02,V19,82.0,0.047819604873326156,0.08302476107431783,TG_BONUS,TG,Bonus,TG-C-CD-K,TG,anonymous market,K,Cooperation,C,D,C-D,True
T02,V20,35.666666666666664,0.020742059202884907,,TG_BONUS,TG,Bonus,UG-M-CC-P,UG,personal,P,Moral,C,C,C-C,False
T02,V21,36.666666666666664,0.021332499546180137,,TG_BONUS,TG,Bonus,UG-C-CD-K,UG,anonymous market,K,Cooperation,C,D,C-D,False
T02,V22,54.666666666666664,0.031823607374066594,,TG_BONUS,TG,Bonus,DG-C-P,DG,personal,P,Cooperation,C,None,C-NA,False
T02,V23,35.666666666666664,0.02074916664971232,,TG_BONUS,TG,Bonus,UG-C-CD-P,UG,personal,P,Cooperation,C,D,C-D,False
T02,V24,78.0,0.045489827010868594,0.07897241541581028,TG_BONUS,TG,Bonus,TG-S-DD-K,TG,anonymous market,K,Self-interest,D,D,D-D,True
T02,V25,86.0,0.05012910490854131,0.08706142518044857,TG_BONUS,TG,Bonus,TG-M-CD-K,TG,anonymous market,K,Moral,C,D,C-D,True
T02,V26,85.33333333333333,0.04979125905008206,0.08641620473214717,TG_BONUS,TG,Bonus,TG-C-CC-K,TG,anonymous market,K,Cooperation,C,C,C-C,True
T02,V27,32.666666666666664,0.019012860597343778,,TG_BONUS,TG,Bonus,UG-S-DC-P,UG,personal,P,Self-interest,D,C,D-C,False
T02,V28,59.0,0.03437733984220338,,TG_BONUS,TG,Bonus,DG-M-K,DG,anonymous market,K,Moral,C,None,C-NA,False
T02,V29,84.33333333333333,0.04914657041526712,0.08537066179472806,TG_BONUS,TG,Bonus,TG-M-CD-P,TG,personal,P,Moral,C,D,C-D,True
T02,V30,76.0,0.0443112454426049,0.07694047792056803,TG_BONUS,TG,Bonus,TG-S-DD-P,TG,personal,P,Self-interest,D,D,D-D,True
T03,V01,33.333333333333336,0.02037326343200027,,UG_AID,UG,Aid,TG-C-CC-P,TG,personal,P,Cooperation,C,C,C-C,False
T03,V02,43.333333333333336,0.026719477832909774,,UG_AID,UG,Aid,DG-S-K,DG,anonymous market,K,Self-interest,D,None,D-NA,False
T03,V03,33.666666666666664,0.020490937839404515,,UG_AID,UG,Aid,TG-S-DC-P,TG,personal,P,Self-interest,D,C,D-C,False
T03,V04,55.666666666666664,0.03440639206674456,,UG_AID,UG,Aid,DG-S-P,DG,personal,P,Self-interest,D,None,D-NA,False
T03,V05,73.66666666666667,0.04571167292749464,0.0791735867239584,UG_AID,UG,Aid,UG-S-DD-K,UG,anonymous market,K,Self-interest,D,D,D-D,True
T03,V06,31.0,0.01913005375423417,,UG_AID,UG,Aid,TG-M-CC-K,TG,anonymous market,K,Moral,C,C,C-C,False
T03,V07,60.0,0.037209334543897445,,UG_AID,UG,Aid,DG-M-P,DG,personal,P,Moral,C,None,C-NA,False
T03,V08,75.33333333333333,0.04677190064424269,0.08098019651665357,UG_AID,UG,Aid,UG-C-CC-P,UG,personal,P,Cooperation,C,C,C-C,True
T03,V09,73.66666666666667,0.04571167292749464,0.0791735867239584,UG_AID,UG,Aid,UG-S-DC-K,UG,anonymous market,K,Self-interest,D,C,D-C,True
T03,V10,74.66666666666667,0.04635683421781722,0.08023178778215946,UG_AID,UG,Aid,UG-C-CC-K,UG,anonymous market,K,Cooperation,C,C,C-C,True
T03,V11,29.666666666666668,0.018217471846680284,,UG_AID,UG,Aid,TG-S-DC-K,TG,anonymous market,K,Self-interest,D,C,D-C,False
T03,V12,86.66666666666667,0.05390356779312468,0.09321101055806093,UG_AID,UG,Aid,UG-S-DD-P,UG,personal,P,Self-interest,D,D,D-D,True
T03,V13,73.66666666666667,0.04579412198219757,0.07916859892530485,UG_AID,UG,Aid,UG-M-CC-K,UG,anonymous market,K,Moral,C,C,C-C,True
T03,V14,73.0,0.045364014455315856,0.07846313155317082,UG_AID,UG,Aid,UG-M-CD-K,UG,anonymous market,K,Moral,C,D,C-D,True
T03,V15,81.66666666666667,0.0507453908940036,0.08777300707530067,UG_AID,UG,Aid,UG-M-CD-P,UG,personal,P,Moral,C,D,C-D,True
T03,V16,33.0,0.02015820966855941,,UG_AID,UG,Aid,TG-C-CD-P,TG,personal,P,Cooperation,C,D,C-D,False
T03,V17,44.333333333333336,0.02743951222814588,,UG_AID,UG,Aid,DG-C-K,DG,anonymous market,K,Cooperation,C,None,C-NA,False
T03,V18,37.333333333333336,0.02293129154304494,,UG_AID,UG,Aid,TG-M-CC-P,TG,personal,P,Moral,C,C,C-C,False
T03,V19,29.666666666666668,0.018217471846680284,,UG_AID,UG,Aid,TG-C-CD-K,TG,anonymous market,K,Cooperation,C,D,C-D,False
T03,V20,82.33333333333333,0.05117549842088532,0.08847847444743469,UG_AID,UG,Aid,UG-M-CC-P,UG,personal,P,Moral,C,C,C-C,True
T03,V21,74.0,0.04595669809272542,0.07953291356303603,UG_AID,UG,Aid,UG-C-CD-K,UG,anonymous market,K,Cooperation,C,D,C-D,True
T03,V22,51.666666666666664,0.03187833535748982,,UG_AID,UG,Aid,DG-C-P,DG,personal,P,Cooperation,C,None,C-NA,False
T03,V23,75.33333333333333,0.04676443549357586,0.08095542925896825,UG_AID,UG,Aid,UG-C-CD-P,UG,personal,P,Cooperation,C,D,C-D,True
T03,V24,28.666666666666668,0.01756484540569087,,UG_AID,UG,Aid,TG-S-DD-K,TG,anonymous market,K,Self-interest,D,D,D-D,False
T03,V25,30.0,0.01847742731324475,,UG_AID,UG,Aid,TG-M-CD-K,TG,anonymous market,K,Moral,C,D,C-D,False
T03,V26,30.666666666666668,0.018832661735212943,,UG_AID,UG,Aid,TG-C-CC-K,TG,anonymous market,K,Cooperation,C,C,C-C,False
T03,V27,86.33333333333333,0.05368851402968381,0.09285827687199392,UG_AID,UG,Aid,UG-S-DC-P,UG,personal,P,Self-interest,D,C,D-C,True
T03,V28,44.333333333333336,0.027454442529479563,,UG_AID,UG,Aid,DG-M-K,DG,anonymous market,K,Moral,C,None,C-NA,False
T03,V29,36.333333333333336,0.022278665102055516,,UG_AID,UG,Aid,TG-M-CD-P,TG,personal,P,Moral,C,D,C-D,False
T03,V30,33.333333333333336,0.020275884075963656,,UG_AID,UG,Aid,TG-S-DD-P,TG,personal,P,Self-interest,D,D,D-D,False
T04,V01,26.333333333333332,0.016326490752788806,,UG_CONTROL,UG,Control,TG-C-CC-P,TG,personal,P,Cooperation,C,C,C-C,False
T04,V02,41.666666666666664,0.025728508006387717,,UG_CONTROL,UG,Control,DG-S-K,DG,anonymous market,K,Self-interest,D,None,D-NA,False
T04,V03,25.666666666666668,0.01587251192951118,,UG_CONTROL,UG,Control,TG-S-DC-P,TG,personal,P,Self-interest,D,C,D-C,False
T04,V04,43.333333333333336,0.02676473461678322,,UG_CONTROL,UG,Control,DG-S-P,DG,personal,P,Self-interest,D,None,D-NA,False
T04,V05,83.66666666666667,0.052880281430717775,0.08250549438967665,UG_CONTROL,UG,Control,UG-S-DD-K,UG,anonymous market,K,Self-interest,D,D,D-D,True
T04,V06,28.0,0.017377232332363934,,UG_CONTROL,UG,Control,TG-M-CC-K,TG,anonymous market,K,Moral,C,C,C-C,False
T04,V07,46.0,0.02847467197750535,,UG_CONTROL,UG,Control,DG-M-P,DG,personal,P,Moral,C,None,C-NA,False
T04,V08,83.66666666666667,0.05292819948638764,0.08253374789545216,UG_CONTROL,UG,Control,UG-C-CC-P,UG,personal,P,Cooperation,C,C,C-C,True
T04,V09,84.0,0.05310001335776678,0.082839495725682,UG_CONTROL,UG,Control,UG-S-DC-K,UG,anonymous market,K,Self-interest,D,C,D-C,True
T04,V10,84.33333333333333,0.053382178309665275,0.08320892971593379,UG_CONTROL,UG,Control,UG-C-CC-K,UG,anonymous market,K,Cooperation,C,C,C-C,True
T04,V11,26.666666666666668,0.016507748682823245,,UG_CONTROL,UG,Control,TG-S-DC-K,TG,anonymous market,K,Self-interest,D,C,D-C,False
T04,V12,86.0,0.05443291988924041,0.084850682890185,UG_CONTROL,UG,Control,UG-S-DD-P,UG,personal,P,Self-interest,D,D,D-D,True
T04,V13,84.0,0.053186405410451214,0.08288905513281619,UG_CONTROL,UG,Control,UG-M-CC-K,UG,anonymous market,K,Moral,C,C,C-C,True
T04,V14,83.0,0.05252720962930421,0.08188705112480016,UG_CONTROL,UG,Control,UG-M-CD-K,UG,anonymous market,K,Moral,C,D,C-D,True
T04,V15,85.33333333333333,0.05397894106596277,0.08417550106970338,UG_CONTROL,UG,Control,UG-M-CD-P,UG,personal,P,Moral,C,D,C-D,True
T04,V16,25.333333333333332,0.015652780002462178,,UG_CONTROL,UG,Control,TG-C-CD-P,TG,personal,P,Cooperation,C,D,C-D,False
T04,V17,42.333333333333336,0.026220960826679907,,UG_CONTROL,UG,Control,DG-C-K,DG,anonymous market,K,Cooperation,C,None,C-NA,False
T04,V18,28.333333333333332,0.017649953225607123,,UG_CONTROL,UG,Control,TG-M-CC-P,TG,personal,P,Moral,C,C,C-C,False
T04,V19,26.333333333333332,0.016288016755774244,,UG_CONTROL,UG,Control,TG-C-CD-K,TG,anonymous market,K,Cooperation,C,D,C-D,False
T04,V20,86.33333333333333,0.054638136847109775,0.08517750507771941,UG_CONTROL,UG,Control,UG-M-CC-P,UG,personal,P,Moral,C,C,C-C,True
T04,V21,83.33333333333333,0.05272298252851828,0.08220692570791775,UG_CONTROL,UG,Control,UG-C-CD-K,UG,anonymous market,K,Cooperation,C,D,C-D,True
T04,V22,44.0,0.027218713440060844,,UG_CONTROL,UG,Control,DG-C-P,DG,personal,P,Cooperation,C,None,C-NA,False
T04,V23,83.66666666666667,0.05294271445556727,0.08254092704392309,UG_CONTROL,UG,Control,UG-C-CD-P,UG,personal,P,Cooperation,C,D,C-D,True
T04,V24,25.666666666666668,0.01583403793249662,,UG_CONTROL,UG,Control,TG-S-DD-K,TG,anonymous market,K,Self-interest,D,D,D-D,False
T04,V25,27.333333333333332,0.016937768478265933,,UG_CONTROL,UG,Control,TG-M-CD-K,TG,anonymous market,K,Moral,C,D,C-D,False
T04,V26,27.0,0.016727480609872242,,UG_CONTROL,UG,Control,TG-C-CC-K,TG,anonymous market,K,Cooperation,C,C,C-C,False
T04,V27,86.33333333333333,0.0546526518162894,0.08518468422619035,UG_CONTROL,UG,Control,UG-S-DC-P,UG,personal,P,Self-interest,D,C,D-C,True
T04,V28,43.0,0.026636465652942965,,UG_CONTROL,UG,Control,DG-M-K,DG,anonymous market,K,Moral,C,None,C-NA,False
T04,V29,27.333333333333332,0.016976242475280495,,UG_CONTROL,UG,Control,TG-M-CD-P,TG,personal,P,Moral,C,D,C-D,False
T04,V30,25.0,0.01543304807541318,,UG_CONTROL,UG,Control,TG-S-DD-P,TG,personal,P,Self-interest,D,D,D-D,False
T05,V01,37.0,0.0246116467145589,,DG_CONTROL,DG,Control,TG-C-CC-P,TG,personal,P,Cooperation,C,C,C-C,False
T05,V02,81.33333333333333,0.05448336920252527,0.1628081781465768,DG_CONTROL,DG,Control,DG-S-K,DG,anonymous market,K,Self-interest,D,None,D-NA,True
T05,V03,35.666666666666664,0.023693502373859723,,DG_CONTROL,DG,Control,TG-S-DC-P,TG,personal,P,Self-interest,D,C,D-C,False
T05,V04,83.33333333333333,0.05583054074036775,0.1668210551813404,DG_CONTROL,DG,Control,DG-S-P,DG,personal,P,Self-interest,D,None,D-NA,True
T05,V05,42.666666666666664,0.027881939793723304,,DG_CONTROL,DG,Control,UG-S-DD-K,UG,anonymous market,K,Self-interest,D,D,D-D,False
T05,V06,40.333333333333336,0.026873425954318523,,DG_CONTROL,DG,Control,TG-M-CC-K,TG,anonymous market,K,Moral,C,C,C-C,False
T05,V07,87.0,0.05832980527434123,0.17425930001711828,DG_CONTROL,DG,Control,DG-M-P,DG,personal,P,Moral,C,None,C-NA,True
T05,V08,46.333333333333336,0.0304342209965453,,DG_CONTROL,DG,Control,UG-C-CC-P,UG,personal,P,Cooperation,C,C,C-C,False
T05,V09,44.333333333333336,0.02908704945870282,,DG_CONTROL,DG,Control,UG-S-DC-K,UG,anonymous market,K,Self-interest,D,C,D-C,False
T05,V10,46.666666666666664,0.030675242929541203,,DG_CONTROL,DG,Control,UG-C-CC-K,UG,anonymous market,K,Cooperation,C,C,C-C,False
T05,V11,37.0,0.0246116467145589,,DG_CONTROL,DG,Control,TG-S-DC-K,TG,anonymous market,K,Self-interest,D,C,D-C,False
T05,V12,47.333333333333336,0.031061863374182107,,DG_CONTROL,DG,Control,UG-S-DD-P,UG,personal,P,Self-interest,D,D,D-D,False
T05,V13,47.0,0.030976354808949686,,DG_CONTROL,DG,Control,UG-M-CC-K,UG,anonymous market,K,Moral,C,C,C-C,False
T05,V14,45.666666666666664,0.03001226707696607,,DG_CONTROL,DG,Control,UG-M-CD-K,UG,anonymous market,K,Moral,C,D,C-D,False
T05,V15,47.333333333333336,0.03105832673540007,,DG_CONTROL,DG,Control,UG-M-CD-P,UG,personal,P,Moral,C,D,C-D,False
T05,V16,36.0,0.023885044276789155,,DG_CONTROL,DG,Control,TG-C-CD-P,TG,personal,P,Cooperation,C,D,C-D,False
T05,V17,82.33333333333333,0.05525945167036148,0.16497330650209643,DG_CONTROL,DG,Control,DG-C-K,DG,anonymous market,K,Cooperation,C,None,C-NA,True
T05,V18,41.0,0.027468576435571417,,DG_CONTROL,DG,Control,TG-M-CC-P,TG,personal,P,Moral,C,C,C-C,False
T05,V19,37.0,0.0246116467145589,,DG_CONTROL,DG,Control,TG-C-CD-K,TG,anonymous market,K,Cooperation,C,D,C-D,False
T05,V20,48.0,0.03154037060139187,,DG_CONTROL,DG,Control,UG-M-CC-P,UG,personal,P,Moral,C,C,C-C,False
T05,V21,45.0,0.029470133264561688,,DG_CONTROL,DG,Control,UG-C-CD-K,UG,anonymous market,K,Cooperation,C,D,C-D,False
T05,V22,83.66666666666667,0.05612104270343012,0.16760986474222553,DG_CONTROL,DG,Control,DG-C-P,DG,personal,P,Cooperation,C,None,C-NA,True
T05,V23,45.333333333333336,0.029711155197557588,,DG_CONTROL,DG,Control,UG-C-CD-P,UG,personal,P,Cooperation,C,D,C-D,False
T05,V24,36.0,0.023885044276789155,,DG_CONTROL,DG,Control,TG-S-DD-K,TG,anonymous market,K,Self-interest,D,D,D-D,False
T05,V25,40.666666666666664,0.027114447887314427,,DG_CONTROL,DG,Control,TG-M-CD-K,TG,anonymous market,K,Moral,C,D,C-D,False
T05,V26,37.666666666666664,0.025093690580550707,,DG_CONTROL,DG,Control,TG-C-CC-K,TG,anonymous market,K,Cooperation,C,C,C-C,False
T05,V27,48.0,0.03154390724017391,,DG_CONTROL,DG,Control,UG-S-DC-P,UG,personal,P,Self-interest,D,C,D-C,False
T05,V28,81.66666666666667,0.054720854496739135,0.1635282954106425,DG_CONTROL,DG,Control,DG-M-K,DG,anonymous market,K,Moral,C,None,C-NA,True
T05,V29,40.0,0.026741973997801666,,DG_CONTROL,DG,Control,TG-M-CD-P,TG,personal,P,Moral,C,D,C-D,False
T05,V30,35.0,0.023211458507867915,,DG_CONTROL,DG,Control,TG-S-DD-P,TG,personal,P,Self-interest,D,D,D-D,False
T06,V01,35.0,0.020486151945675598,,UG_BONUS,UG,Bonus,TG-C-CC-P,TG,personal,P,Cooperation,C,C,C-C,False
T06,V02,51.666666666666664,0.030203264940701302,,UG_BONUS,UG,Bonus,DG-S-K,DG,anonymous market,K,Self-interest,D,None,D-NA,False
T06,V03,32.333333333333336,0.018915029303629607,,UG_BONUS,UG,Bonus,TG-S-DC-P,TG,personal,P,Self-interest,D,C,D-C,False
T06,V04,42.0,0.024528502950982186,,UG_BONUS,UG,Bonus,DG-S-P,DG,personal,P,Self-interest,D,None,D-NA,False
T06,V05,75.33333333333333,0.04422612526369802,0.07811807169532485,UG_BONUS,UG,Bonus,UG-S-DD-K,UG,anonymous market,K,Self-interest,D,D,D-D,True
T06,V06,42.0,0.024607453560386683,,UG_BONUS,UG,Bonus,TG-M-CC-K,TG,anonymous market,K,Moral,C,C,C-C,False
T06,V07,49.333333333333336,0.028894646505710327,,UG_BONUS,UG,Bonus,DG-M-P,DG,personal,P,Moral,C,None,C-NA,False
T06,V08,79.66666666666667,0.04686133583016703,0.08270653627135734,UG_BONUS,UG,Bonus,UG-C-CC-P,UG,personal,P,Cooperation,C,C,C-C,True
T06,V09,75.66666666666667,0.04443342211278591,0.07845890332450005,UG_BONUS,UG,Bonus,UG-S-DC-K,UG,anonymous market,K,Self-interest,D,C,D-C,True
T06,V10,79.66666666666667,0.04687127724211263,0.08268026070523149,UG_BONUS,UG,Bonus,UG-C-CC-K,UG,anonymous market,K,Cooperation,C,C,C-C,True
T06,V11,34.333333333333336,0.020081499659445407,,UG_BONUS,UG,Bonus,TG-S-DC-K,TG,anonymous market,K,Self-interest,D,C,D-C,False
T06,V12,79.66666666666667,0.04681162877043903,0.08283791410198653,UG_BONUS,UG,Bonus,UG-S-DD-P,UG,personal,P,Self-interest,D,D,D-D,True
T06,V13,89.66666666666667,0.052685966754153685,0.09311857271621798,UG_BONUS,UG,Bonus,UG-M-CC-K,UG,anonymous market,K,Moral,C,C,C-C,True
T06,V14,88.66666666666667,0.05206407620689,0.09209607782869243,UG_BONUS,UG,Bonus,UG-M-CD-K,UG,anonymous market,K,Moral,C,D,C-D,True
T06,V15,78.33333333333333,0.04605975211279902,0.08141275149653814,UG_BONUS,UG,Bonus,UG-M-CD-P,UG,personal,P,Moral,C,D,C-D,True
T06,V16,34.333333333333336,0.02007155824749981,,UG_BONUS,UG,Bonus,TG-C-CD-P,TG,personal,P,Cooperation,C,D,C-D,False
T06,V17,52.666666666666664,0.030878722975239165,,UG_BONUS,UG,Bonus,DG-C-K,DG,anonymous market,K,Cooperation,C,None,C-NA,False
T06,V18,39.0,0.02286271873263578,,UG_BONUS,UG,Bonus,TG-M-CC-P,TG,personal,P,Moral,C,C,C-C,False
T06,V19,35.0,0.020462408694238217,,UG_BONUS,UG,Bonus,TG-C-CD-K,TG,anonymous market,K,Cooperation,C,D,C-D,False
T06,V20,80.0,0.04709623635823849,0.08311690964241407,UG_BONUS,UG,Bonus,UG-M-CC-P,UG,personal,P,Moral,C,C,C-C,True
T06,V21,78.0,0.045868477660056146,0.08095832229804466,UG_BONUS,UG,Bonus,UG-C-CD-K,UG,anonymous market,K,Cooperation,C,D,C-D,True
T06,V22,52.666666666666664,0.030858840151347964,,UG_BONUS,UG,Bonus,DG-C-P,DG,personal,P,Cooperation,C,None,C-NA,False
T06,V23,78.66666666666667,0.04624938669484896,0.08165776581770594,UG_BONUS,UG,Bonus,UG-C-CD-P,UG,personal,P,Cooperation,C,D,C-D,True
T06,V24,33.333333333333336,0.019469550524127327,,UG_BONUS,UG,Bonus,TG-S-DD-K,TG,anonymous market,K,Self-interest,D,D,D-D,False
T06,V25,41.0,0.023995504425068603,,UG_BONUS,UG,Bonus,TG-M-CD-K,TG,anonymous market,K,Moral,C,D,C-D,False
T06,V26,36.0,0.0210842992415019,,UG_BONUS,UG,Bonus,TG-C-CC-K,TG,anonymous market,K,Cooperation,C,C,C-C,False
T06,V27,79.66666666666667,0.04681162877043903,0.08283791410198653,UG_BONUS,UG,Bonus,UG-S-DC-P,UG,personal,P,Self-interest,D,C,D-C,True
T06,V28,61.0,0.03580932916241063,,UG_BONUS,UG,Bonus,DG-M-K,DG,anonymous market,K,Moral,C,None,C-NA,False
T06,V29,38.0,0.0222507695973177,,UG_BONUS,UG,Bonus,TG-M-CD-P,TG,personal,P,Moral,C,D,C-D,False
T06,V30,31.666666666666668,0.01850043560545382,,UG_BONUS,UG,Bonus,TG-S-DD-P,TG,personal,P,Self-interest,D,D,D-D,False
T07,V01,40.0,0.02629746695795444,,DG_AID,DG,Aid,TG-C-CC-P,TG,personal,P,Cooperation,C,C,C-C,False
T07,V02,66.0,0.04344645834515006,0.1493724265662549,DG_AID,DG,Aid,DG-S-K,DG,anonymous market,K,Self-interest,D,None,D-NA,True
T07,V03,41.0,0.02687112838051786,,DG_AID,DG,Aid,TG-S-DC-P,TG,personal,P,Self-interest,D,C,D-C,False
T07,V04,80.66666666666667,0.05328407863021609,0.18284505058854142,DG_AID,DG,Aid,DG-S-P,DG,personal,P,Self-interest,D,None,D-NA,True
T07,V05,44.0,0.028598534181298447,,DG_AID,DG,Aid,UG-S-DD-K,UG,anonymous market,K,Self-interest,D,D,D-D,False
T07,V06,40.333333333333336,0.026822784495145403,,DG_AID,DG,Aid,TG-M-CC-K,TG,anonymous market,K,Moral,C,C,C-C,False
T07,V07,86.66666666666667,0.05765385381487212,0.19717438888123553,DG_AID,DG,Aid,DG-M-P,DG,personal,P,Moral,C,None,C-NA,True
T07,V08,51.0,0.0333987863329451,,DG_AID,DG,Aid,UG-C-CC-P,UG,personal,P,Cooperation,C,C,C-C,False
T07,V09,45.666666666666664,0.02979327731152545,,DG_AID,DG,Aid,UG-S-DC-K,UG,anonymous market,K,Self-interest,D,C,D-C,False
T07,V10,51.333333333333336,0.03368332259981799,,DG_AID,DG,Aid,UG-C-CC-K,UG,anonymous market,K,Cooperation,C,C,C-C,False
T07,V11,36.333333333333336,0.02392265640795378,,DG_AID,DG,Aid,TG-S-DC-K,TG,anonymous market,K,Self-interest,D,C,D-C,False
T07,V12,54.333333333333336,0.03548584984952772,,DG_AID,DG,Aid,UG-S-DD-P,UG,personal,P,Self-interest,D,D,D-D,False
T07,V13,49.333333333333336,0.03249362288040883,,DG_AID,DG,Aid,UG-M-CC-K,UG,anonymous market,K,Moral,C,C,C-C,False
T07,V14,48.0,0.03153782837622723,,DG_AID,DG,Aid,UG-M-CD-K,UG,anonymous market,K,Moral,C,D,C-D,False
T07,V15,53.666666666666664,0.03510554941218222,,DG_AID,DG,Aid,UG-M-CD-P,UG,personal,P,Moral,C,D,C-D,False
T07,V16,39.333333333333336,0.025822780472408807,,DG_AID,DG,Aid,TG-C-CD-P,TG,personal,P,Cooperation,C,D,C-D,False
T07,V17,68.33333333333333,0.045171107901385676,0.1549042567846811,DG_AID,DG,Aid,DG-C-K,DG,anonymous market,K,Cooperation,C,None,C-NA,True
T07,V18,45.333333333333336,0.029902975979374097,,DG_AID,DG,Aid,TG-M-CC-P,TG,personal,P,Moral,C,C,C-C,False
T07,V19,36.333333333333336,0.02392265640795378,,DG_AID,DG,Aid,TG-C-CD-K,TG,anonymous market,K,Cooperation,C,D,C-D,False
T07,V20,54.0,0.03534449803822762,,DG_AID,DG,Aid,UG-M-CC-P,UG,personal,P,Moral,C,C,C-C,False
T07,V21,48.666666666666664,0.031781365891090284,,DG_AID,DG,Aid,UG-C-CD-K,UG,anonymous market,K,Cooperation,C,D,C-D,False
T07,V22,74.66666666666667,0.04935027834536875,0.1692519630803141,DG_AID,DG,Aid,DG-C-P,DG,personal,P,Cooperation,C,None,C-NA,True
T07,V23,49.666666666666664,0.03244620259530867,,DG_AID,DG,Aid,UG-C-CD-P,UG,personal,P,Cooperation,C,D,C-D,False
T07,V24,35.333333333333336,0.02320902129636274,,DG_AID,DG,Aid,TG-S-DD-K,TG,anonymous market,K,Self-interest,D,D,D-D,False
T07,V25,39.333333333333336,0.026109149383554367,,DG_AID,DG,Aid,TG-M-CD-K,TG,anonymous market,K,Moral,C,D,C-D,False
T07,V26,37.666666666666664,0.024826441738217565,,DG_AID,DG,Aid,TG-C-CC-K,TG,anonymous market,K,Cooperation,C,C,C-C,False
T07,V27,55.0,0.03596374710161852,,DG_AID,DG,Aid,UG-S-DC-P,UG,personal,P,Self-interest,D,C,D-C,False
T07,V28,64.66666666666667,0.0426466913627219,0.14645191409897293,DG_AID,DG,Aid,DG-M-K,DG,anonymous market,K,Moral,C,None,C-NA,True
T07,V29,44.333333333333336,0.029189340867783062,,DG_AID,DG,Aid,TG-M-CD-P,TG,personal,P,Moral,C,D,C-D,False
T07,V30,39.666666666666664,0.025918544642881427,,DG_AID,DG,Aid,TG-S-DD-P,TG,personal,P,Self-interest,D,D,D-D,False
T08,V01,89.66666666666667,0.0547732514746716,0.08418773812836579,TG_CONTROL,TG,Control,TG-C-CC-P,TG,personal,P,Cooperation,C,C,C-C,True
T08,V02,36.0,0.021835089846828803,,TG_CONTROL,TG,Control,DG-S-K,DG,anonymous market,K,Self-interest,D,None,D-NA,False
T08,V03,86.66666666666667,0.052910496819817264,0.08136080655003829,TG_CONTROL,TG,Control,TG-S-DC-P,TG,personal,P,Self-interest,D,C,D-C,True
T08,V04,34.0,0.020528818219242125,,TG_CONTROL,TG,Control,DG-S-P,DG,personal,P,Self-interest,D,None,D-NA,False
T08,V05,25.333333333333332,0.015288583354583348,,TG_CONTROL,TG,Control,UG-S-DD-K,UG,anonymous market,K,Self-interest,D,D,D-D,False
T08,V06,89.66666666666667,0.05482824788034832,0.0842141395184564,TG_CONTROL,TG,Control,TG-M-CC-K,TG,anonymous market,K,Moral,C,C,C-C,True
T08,V07,40.333333333333336,0.02449563643023291,,TG_CONTROL,TG,Control,DG-M-P,DG,personal,P,Moral,C,None,C-NA,False
T08,V08,29.666666666666668,0.017976628140825818,,TG_CONTROL,TG,Control,UG-C-CC-P,UG,personal,P,Cooperation,C,C,C-C,False
T08,V09,26.0,0.01571456844510518,,TG_CONTROL,TG,Control,UG-S-DC-K,UG,anonymous market,K,Self-interest,D,C,D-C,False
T08,V10,30.666666666666668,0.018616014853199973,,TG_CONTROL,TG,Control,UG-C-CC-K,UG,anonymous market,K,Cooperation,C,C,C-C,False
T08,V11,88.66666666666667,0.05416177204172721,0.0832530715248329,TG_CONTROL,TG,Control,TG-S-DC-K,TG,anonymous market,K,Self-interest,D,C,D-C,True
T08,V12,26.333333333333332,0.015901290017301967,,TG_CONTROL,TG,Control,UG-S-DD-P,UG,personal,P,Self-interest,D,D,D-D,False
T08,V13,30.0,0.018217937042107914,,TG_CONTROL,TG,Control,UG-M-CC-K,UG,anonymous market,K,Moral,C,C,C-C,False
T08,V14,29.333333333333332,0.01779195195158608,,TG_CONTROL,TG,Control,UG-M-CD-K,UG,anonymous market,K,Moral,C,D,C-D,False
T08,V15,28.0,0.016911256337929826,,TG_CONTROL,TG,Control,UG-M-CD-P,UG,personal,P,Moral,C,D,C-D,False
T08,V16,88.33333333333333,0.05392087221703653,0.08291904952725311,TG_CONTROL,TG,Control,TG-C-CD-P,TG,personal,P,Cooperation,C,D,C-D,True
T08,V17,42.0,0.02553351003029054,,TG_CONTROL,TG,Control,DG-C-K,DG,anonymous market,K,Cooperation,C,None,C-NA,False
T08,V18,90.33333333333333,0.05525464204746156,0.08485091658718359,TG_CONTROL,TG,Control,TG-M-CC-P,TG,personal,P,Moral,C,C,C-C,True
T08,V19,89.0,0.054374764586988124,0.08356902729102562,TG_CONTROL,TG,Control,TG-C-CD-K,TG,anonymous market,K,Cooperation,C,D,C-D,True
T08,V20,29.666666666666668,0.017976219064234408,,TG_CONTROL,TG,Control,UG-M-CC-P,UG,personal,P,Moral,C,C,C-C,False
T08,V21,29.666666666666668,0.017977037217417228,,TG_CONTROL,TG,Control,UG-C-CD-K,UG,anonymous market,K,Cooperation,C,D,C-D,False
T08,V22,41.666666666666664,0.025320517485029625,,TG_CONTROL,TG,Control,DG-C-P,DG,personal,P,Cooperation,C,None,C-NA,False
T08,V23,29.666666666666668,0.017977037217417228,,TG_CONTROL,TG,Control,UG-C-CD-P,UG,personal,P,Cooperation,C,D,C-D,False
T08,V24,87.66666666666667,0.05352238532935305,0.08230033868991293,TG_CONTROL,TG,Control,TG-S-DD-K,TG,anonymous market,K,Self-interest,D,D,D-D,True
T08,V25,89.0,0.05440226278982649,0.08358222798607091,TG_CONTROL,TG,Control,TG-M-CD-K,TG,anonymous market,K,Moral,C,D,C-D,True
T08,V26,90.33333333333333,0.05519923656519343,0.08481964966075127,TG_CONTROL,TG,Control,TG-C-CC-K,TG,anonymous market,K,Cooperation,C,C,C-C,True
T08,V27,27.0,0.016327275107823797,,TG_CONTROL,TG,Control,UG-S-DC-P,UG,personal,P,Self-interest,D,C,D-C,False
T08,V28,41.0,0.02494993787677592,,TG_CONTROL,TG,Control,DG-M-K,DG,anonymous market,K,Moral,C,None,C-NA,False
T08,V29,89.33333333333333,0.054615255335087404,0.08389818375226366,TG_CONTROL,TG,Control,TG-M-CD-P,TG,personal,P,Moral,C,D,C-D,True
T08,V30,86.33333333333333,0.05269750427455635,0.08104485078384555,TG_CONTROL,TG,Control,TG-S-DD-P,TG,personal,P,Self-interest,D,D,D-D,True
T09,V01,79.66666666666667,0.04716578339528107,0.07800593020777545,TG_MARKET,TG,Market,TG-C-CC-P,TG,personal,P,Cooperation,C,C,C-C,True
T09,V02,49.666666666666664,0.02939743889466827,,TG_MARKET,TG,Market,DG-S-K,DG,anonymous market,K,Self-interest,D,None,D-NA,False
T09,V03,76.0,0.04492346391426155,0.07436409782528203,TG_MARKET,TG,Market,TG-S-DC-P,TG,personal,P,Self-interest,D,C,D-C,True
T09,V04,33.333333333333336,0.019579144072619434,,TG_MARKET,TG,Market,DG-S-P,DG,personal,P,Self-interest,D,None,D-NA,False
T09,V05,35.666666666666664,0.021021090687415627,,TG_MARKET,TG,Market,UG-S-DD-K,UG,anonymous market,K,Self-interest,D,D,D-D,False
T09,V06,92.33333333333333,0.05472339955532657,0.09045870951338207,TG_MARKET,TG,Market,TG-M-CC-K,TG,anonymous market,K,Moral,C,C,C-C,True
T09,V07,37.333333333333336,0.022016966974948815,,TG_MARKET,TG,Market,DG-M-P,DG,personal,P,Moral,C,None,C-NA,False
T09,V08,35.666666666666664,0.0211207467794374,,TG_MARKET,TG,Market,UG-C-CC-P,UG,personal,P,Cooperation,C,C,C-C,False
T09,V09,36.666666666666664,0.021654804248885842,,TG_MARKET,TG,Market,UG-S-DC-K,UG,anonymous market,K,Self-interest,D,C,D-C,False
T09,V10,38.666666666666664,0.02290912168778303,,TG_MARKET,TG,Market,UG-C-CC-K,UG,anonymous market,K,Cooperation,C,C,C-C,False
T09,V11,92.33333333333333,0.05471684471330495,0.0904590869253486,TG_MARKET,TG,Market,TG-S-DC-K,TG,anonymous market,K,Self-interest,D,C,D-C,True
T09,V12,27.333333333333332,0.016024683530463327,,TG_MARKET,TG,Market,UG-S-DD-P,UG,personal,P,Self-interest,D,D,D-D,False
T09,V13,40.0,0.023638682578541348,,TG_MARKET,TG,Market,UG-M-CC-K,UG,anonymous market,K,Moral,C,C,C-C,False
T09,V14,38.666666666666664,0.022809465595761257,,TG_MARKET,TG,Market,UG-M-CD-K,UG,anonymous market,K,Moral,C,D,C-D,False
T09,V15,27.666666666666668,0.016276569839805712,,TG_MARKET,TG,Market,UG-M-CD-P,UG,personal,P,Moral,C,D,C-D,False
T09,V16,78.66666666666667,0.04653206983381084,0.07699684847215486,TG_MARKET,TG,Market,TG-C-CD-P,TG,personal,P,Cooperation,C,D,C-D,True
T09,V17,49.0,0.028922510392540287,,TG_MARKET,TG,Market,DG-C-K,DG,anonymous market,K,Cooperation,C,None,C-NA,False
T09,V18,80.33333333333333,0.047640711897409045,0.07872797697731834,TG_MARKET,TG,Market,TG-M-CC-P,TG,personal,P,Moral,C,C,C-C,True
T09,V19,91.0,0.053934831028065455,0.08915189738286493,TG_MARKET,TG,Market,TG-C-CD-K,TG,anonymous market,K,Cooperation,C,D,C-D,True
T09,V20,28.666666666666668,0.016910283401275927,,TG_MARKET,TG,Market,UG-M-CC-P,UG,personal,P,Moral,C,C,C-C,False
T09,V21,37.333333333333336,0.022079904705002942,,TG_MARKET,TG,Market,UG-C-CD-K,UG,anonymous market,K,Cooperation,C,D,C-D,False
T09,V22,40.0,0.023569190006465596,,TG_MARKET,TG,Market,DG-C-P,DG,personal,P,Cooperation,C,None,C-NA,False
T09,V23,36.666666666666664,0.021707257043367022,,TG_MARKET,TG,Market,UG-C-CD-P,UG,personal,P,Cooperation,C,D,C-D,False
T09,V24,92.0,0.05450560685948155,0.0901227263468084,TG_MARKET,TG,Market,TG-S-DD-K,TG,anonymous market,K,Self-interest,D,D,D-D,True
T09,V25,92.33333333333333,0.05472339955532657,0.09045870951338207,TG_MARKET,TG,Market,TG-M-CD-K,TG,anonymous market,K,Moral,C,D,C-D,True
T09,V26,92.0,0.054568544589535674,0.09016097911848553,TG_MARKET,TG,Market,TG-C-CC-K,TG,anonymous market,K,Cooperation,C,C,C-C,True
T09,V27,28.0,0.01644715923811014,,TG_MARKET,TG,Market,UG-S-DC-P,UG,personal,P,Self-interest,D,C,D-C,False
T09,V28,49.333333333333336,0.029152107427347515,,TG_MARKET,TG,Market,DG-M-K,DG,anonymous market,K,Moral,C,None,C-NA,False
T09,V29,79.33333333333333,0.04702273276845237,0.07772845843461704,TG_MARKET,TG,Market,TG-M-CD-P,TG,personal,P,Moral,C,D,C-D,True
T09,V30,75.0,0.044305484785304876,0.07336457928258072,TG_MARKET,TG,Market,TG-S-DD-P,TG,personal,P,Self-interest,D,D,D-D,True
T10,V01,87.33333333333333,0.051851482791284674,0.08792755944330773,TG_AID,TG,Aid,TG-C-CC-P,TG,personal,P,Cooperation,C,C,C-C,True
T10,V02,39.0,0.02302628579616134,,TG_AID,TG,Aid,DG-S-K,DG,anonymous market,K,Self-interest,D,None,D-NA,False
T10,V03,87.66666666666667,0.05199835804230013,0.08821890830882446,TG_AID,TG,Aid,TG-S-DC-P,TG,personal,P,Self-interest,D,C,D-C,True
T10,V04,50.0,0.029575518837647363,,TG_AID,TG,Aid,DG-S-P,DG,personal,P,Self-interest,D,None,D-NA,False
T10,V05,29.0,0.01710228477437012,,TG_AID,TG,Aid,UG-S-DD-K,UG,anonymous market,K,Self-interest,D,D,D-D,False
T10,V06,79.0,0.046893776408635436,0.07953093164862596,TG_AID,TG,Aid,TG-M-CC-K,TG,anonymous market,K,Moral,C,C,C-C,True
T10,V07,50.333333333333336,0.029861747016941328,,TG_AID,TG,Aid,DG-M-P,DG,personal,P,Moral,C,None,C-NA,False
T10,V08,34.666666666666664,0.020480292527536623,,TG_AID,TG,Aid,UG-C-CC-P,UG,personal,P,Cooperation,C,C,C-C,False
T10,V09,29.0,0.01710228477437012,,TG_AID,TG,Aid,UG-S-DC-K,UG,anonymous market,K,Self-interest,D,C,D-C,False
T10,V10,35.666666666666664,0.0210957552969237,,TG_AID,TG,Aid,UG-C-CC-K,UG,anonymous market,K,Cooperation,C,C,C-C,False
T10,V11,78.66666666666667,0.046648684009618725,0.07915653008484332,TG_AID,TG,Aid,TG-S-DC-K,TG,anonymous market,K,Self-interest,D,C,D-C,True
T10,V12,39.333333333333336,0.023264434790977843,,TG_AID,TG,Aid,UG-S-DD-P,UG,personal,P,Self-interest,D,D,D-D,False
T10,V13,34.666666666666664,0.020513717836552484,,TG_AID,TG,Aid,UG-M-CC-K,UG,anonymous market,K,Moral,C,C,C-C,False
T10,V14,34.0,0.02010015290685852,,TG_AID,TG,Aid,UG-M-CD-K,UG,anonymous market,K,Moral,C,D,C-D,False
T10,V15,37.333333333333336,0.022064875782173216,,TG_AID,TG,Aid,UG-M-CD-P,UG,personal,P,Moral,C,D,C-D,False
T10,V16,86.33333333333333,0.05123602002189759,0.08690401798987886,TG_AID,TG,Aid,TG-C-CD-P,TG,personal,P,Cooperation,C,D,C-D,True
T10,V17,44.0,0.026086886988588794,,TG_AID,TG,Aid,DG-C-K,DG,anonymous market,K,Cooperation,C,None,C-NA,False
T10,V18,88.33333333333333,0.05243840487680976,0.08891787981743023,TG_AID,TG,Aid,TG-M-CC-P,TG,personal,P,Moral,C,C,C-C,True
T10,V19,78.0,0.046240003705078636,0.07847416911589074,TG_AID,TG,Aid,TG-C-CD-K,TG,anonymous market,K,Cooperation,C,D,C-D,True
T10,V20,38.0,0.02247844071186718,,TG_AID,TG,Aid,UG-M-CC-P,UG,personal,P,Moral,C,C,C-C,False
T10,V21,34.333333333333336,0.02027351006268964,,TG_AID,TG,Aid,UG-C-CD-K,UG,anonymous market,K,Cooperation,C,D,C-D,False
T10,V22,47.666666666666664,0.02827022035810453,,TG_AID,TG,Aid,DG-C-P,DG,personal,P,Cooperation,C,None,C-NA,False
T10,V23,34.666666666666664,0.020458695247874827,,TG_AID,TG,Aid,UG-C-CD-P,UG,personal,P,Cooperation,C,D,C-D,False
T10,V24,77.0,0.04562454093569155,0.07745062766246187,TG_AID,TG,Aid,TG-S-DD-K,TG,anonymous market,K,Self-interest,D,D,D-D,True
T10,V25,78.0,0.046278313639248364,0.07850739019519709,TG_AID,TG,Aid,TG-M-CD-K,TG,anonymous market,K,Moral,C,D,C-D,True
T10,V26,80.0,0.047454216589344865,0.08050464148309529,TG_AID,TG,Aid,TG-C-CC-K,TG,anonymous market,K,Cooperation,C,C,C-C,True
T10,V27,40.0,0.023677999720671805,,TG_AID,TG,Aid,UG-S-DC-P,UG,personal,P,Self-interest,D,C,D-C,False
T10,V28,42.333333333333336,0.025101053848831347,,TG_AID,TG,Aid,DG-M-K,DG,anonymous market,K,Moral,C,None,C-NA,False
T10,V29,87.33333333333333,0.051822942107422686,0.08789433836400136,TG_AID,TG,Aid,TG-M-CD-P,TG,personal,P,Moral,C,D,C-D,True
T10,V30,86.0,0.05097909959352682,0.08651300588644305,TG_AID,TG,Aid,TG-S-DD-P,TG,personal,P,Self-interest,D,D,D-D,True
T11,V01,35.333333333333336,0.023324671249364482,,DG_MARKET,DG,Market,TG-C-CC-P,TG,personal,P,Cooperation,C,C,C-C,False
T11,V02,90.66666666666667,0.0608212469550573,0.2011919855322429,DG_MARKET,DG,Market,DG-S-K,DG,anonymous market,K,Self-interest,D,None,D-NA,True
T11,V03,32.666666666666664,0.02150169116595121,,DG_MARKET,DG,Market,TG-S-DC-P,TG,personal,P,Self-interest,D,C,D-C,False
T11,V04,65.0,0.043489865160147155,0.14403829932933737,DG_MARKET,DG,Market,DG-S-P,DG,personal,P,Self-interest,D,None,D-NA,True
T11,V05,59.666666666666664,0.039411499509437155,,DG_MARKET,DG,Market,UG-S-DD-K,UG,anonymous market,K,Self-interest,D,D,D-D,False
T11,V06,45.333333333333336,0.02997968134109553,,DG_MARKET,DG,Market,TG-M-CC-K,TG,anonymous market,K,Moral,C,C,C-C,False
T11,V07,63.666666666666664,0.0425959352878445,0.14076982907607605,DG_MARKET,DG,Market,DG-M-P,DG,personal,P,Moral,C,None,C-NA,True
T11,V08,47.0,0.031064962151017773,,DG_MARKET,DG,Market,UG-C-CC-P,UG,personal,P,Cooperation,C,C,C-C,False
T11,V09,60.333333333333336,0.03988768998562763,,DG_MARKET,DG,Market,UG-S-DC-K,UG,anonymous market,K,Self-interest,D,C,D-C,False
T11,V10,46.666666666666664,0.030826866912922534,,DG_MARKET,DG,Market,UG-C-CC-K,UG,anonymous market,K,Cooperation,C,C,C-C,False
T11,V11,43.333333333333336,0.028638745123674054,,DG_MARKET,DG,Market,TG-S-DC-K,TG,anonymous market,K,Self-interest,D,C,D-C,False
T11,V12,44.333333333333336,0.029259542237008485,,DG_MARKET,DG,Market,UG-S-DD-P,UG,personal,P,Self-interest,D,D,D-D,False
T11,V13,54.0,0.03570564122171594,,DG_MARKET,DG,Market,UG-M-CC-K,UG,anonymous market,K,Moral,C,C,C-C,False
T11,V14,51.666666666666664,0.03403604786014861,,DG_MARKET,DG,Market,UG-M-CD-K,UG,anonymous market,K,Moral,C,D,C-D,False
T11,V15,41.0,0.02704800688855469,,DG_MARKET,DG,Market,UG-M-CD-P,UG,personal,P,Moral,C,D,C-D,False
T11,V16,34.333333333333336,0.022607458840178108,,DG_MARKET,DG,Market,TG-C-CD-P,TG,personal,P,Cooperation,C,D,C-D,False
T11,V17,80.33333333333333,0.05364182243257582,0.17796219013753323,DG_MARKET,DG,Market,DG-C-K,DG,anonymous market,K,Cooperation,C,None,C-NA,True
T11,V18,37.0,0.02451807413474134,,DG_MARKET,DG,Market,TG-M-CC-P,TG,personal,P,Moral,C,C,C-C,False
T11,V19,44.0,0.029068191299388892,,DG_MARKET,DG,Market,TG-C-CD-K,TG,anonymous market,K,Cooperation,C,D,C-D,False
T11,V20,42.333333333333336,0.028000387840935642,,DG_MARKET,DG,Market,UG-M-CC-P,UG,personal,P,Moral,C,C,C-C,False
T11,V21,45.333333333333336,0.029871559265640918,,DG_MARKET,DG,Market,UG-C-CD-K,UG,anonymous market,K,Cooperation,C,D,C-D,False
T11,V22,67.33333333333333,0.04492866371423693,0.14906411260295807,DG_MARKET,DG,Market,DG-C-P,DG,personal,P,Cooperation,C,None,C-NA,True
T11,V23,45.666666666666664,0.03010965450373616,,DG_MARKET,DG,Market,UG-C-CD-P,UG,personal,P,Cooperation,C,D,C-D,False
T11,V24,42.666666666666664,0.02815962795258292,,DG_MARKET,DG,Market,TG-S-DD-K,TG,anonymous market,K,Self-interest,D,D,D-D,False
T11,V25,45.666666666666664,0.0302148498842901,,DG_MARKET,DG,Market,TG-M-CD-K,TG,anonymous market,K,Moral,C,D,C-D,False
T11,V26,44.666666666666664,0.02954438177557937,,DG_MARKET,DG,Market,TG-C-CC-K,TG,anonymous market,K,Cooperation,C,C,C-C,False
T11,V27,45.333333333333336,0.0299738279512942,,DG_MARKET,DG,Market,UG-S-DC-P,UG,personal,P,Self-interest,D,C,D-C,False
T11,V28,84.33333333333333,0.05646685446374636,0.18697358332185235,DG_MARKET,DG,Market,DG-M-K,DG,anonymous market,K,Moral,C,None,C-NA,True
T11,V29,36.333333333333336,0.0240389569636502,,DG_MARKET,DG,Market,TG-M-CD-P,TG,personal,P,Moral,C,D,C-D,False
T11,V30,32.333333333333336,0.021263595927855972,,DG_MARKET,DG,Market,TG-S-DD-P,TG,personal,P,Self-interest,D,D,D-D,False
T12,V01,43.0,0.026977580616144334,,DG_BONUS,DG,Bonus,TG-C-CC-P,TG,personal,P,Cooperation,C,C,C-C,False
T12,V02,83.66666666666667,0.052871521388110264,0.17000083977458305,DG_BONUS,DG,Bonus,DG-S-K,DG,anonymous market,K,Self-interest,D,None,D-NA,True
T12,V03,39.666666666666664,0.024820559984259933,,DG_BONUS,DG,Bonus,TG-S-DC-P,TG,personal,P,Self-interest,D,C,D-C,False
T12,V04,67.66666666666667,0.042574959432040343,0.1372834453628362,DG_BONUS,DG,Bonus,DG-S-P,DG,personal,P,Self-interest,D,None,D-NA,True
T12,V05,41.0,0.02514846779376716,,DG_BONUS,DG,Bonus,UG-S-DD-K,UG,anonymous market,K,Self-interest,D,D,D-D,False
T12,V06,50.0,0.03143550515937354,,DG_BONUS,DG,Bonus,TG-M-CC-K,TG,anonymous market,K,Moral,C,C,C-C,False
T12,V07,74.33333333333333,0.04677313679182261,0.15078447453338908,DG_BONUS,DG,Bonus,DG-M-P,DG,personal,P,Moral,C,None,C-NA,True
T12,V08,50.333333333333336,0.031177502415099062,,DG_BONUS,DG,Bonus,UG-C-CC-P,UG,personal,P,Cooperation,C,C,C-C,False
T12,V09,42.333333333333336,0.026002074281176468,,DG_BONUS,DG,Bonus,UG-S-DC-K,UG,anonymous market,K,Self-interest,D,C,D-C,False
T12,V10,51.666666666666664,0.032077454464102984,,DG_BONUS,DG,Bonus,UG-C-CC-K,UG,anonymous market,K,Cooperation,C,C,C-C,False
T12,V11,42.0,0.02632198335253454,,DG_BONUS,DG,Bonus,TG-S-DC-K,TG,anonymous market,K,Self-interest,D,C,D-C,False
T12,V12,45.333333333333336,0.028046164797142264,,DG_BONUS,DG,Bonus,UG-S-DD-P,UG,personal,P,Self-interest,D,D,D-D,False
T12,V13,57.666666666666664,0.03606516399010085,,DG_BONUS,DG,Bonus,UG-M-CC-K,UG,anonymous market,K,Moral,C,C,C-C,False
T12,V14,55.666666666666664,0.03476158147818959,,DG_BONUS,DG,Bonus,UG-M-CD-K,UG,anonymous market,K,Moral,C,D,C-D,False
T12,V15,46.333333333333336,0.028670977264646427,,DG_BONUS,DG,Bonus,UG-M-CD-P,UG,personal,P,Moral,C,D,C-D,False
T12,V16,42.0,0.02631420296979005,,DG_BONUS,DG,Bonus,TG-C-CD-P,TG,personal,P,Cooperation,C,D,C-D,False
T12,V17,86.66666666666667,0.054529286645830156,0.17577040384223674,DG_BONUS,DG,Bonus,DG-C-K,DG,anonymous market,K,Cooperation,C,None,C-NA,True
T12,V18,47.0,0.029491886149341468,,DG_BONUS,DG,Bonus,TG-M-CC-P,TG,personal,P,Moral,C,C,C-C,False
T12,V19,42.0,0.02629103018899274,,DG_BONUS,DG,Bonus,TG-C-CD-K,TG,anonymous market,K,Cooperation,C,D,C-D,False
T12,V20,48.0,0.029737985373908055,,DG_BONUS,DG,Bonus,UG-M-CC-P,UG,personal,P,Moral,C,C,C-C,False
T12,V21,49.0,0.03034706870848707,,DG_BONUS,DG,Bonus,UG-C-CD-K,UG,anonymous market,K,Cooperation,C,D,C-D,False
T12,V22,88.0,0.05556066336430959,0.17866633075683344,DG_BONUS,DG,Bonus,DG-C-P,DG,personal,P,Cooperation,C,None,C-NA,True
T12,V23,49.0,0.03032389592768976,,DG_BONUS,DG,Bonus,UG-C-CD-P,UG,personal,P,Cooperation,C,D,C-D,False
T12,V24,40.666666666666664,0.02542203130353062,,DG_BONUS,DG,Bonus,TG-S-DD-K,TG,anonymous market,K,Self-interest,D,D,D-D,False
T12,V25,49.0,0.03077212751301926,,DG_BONUS,DG,Bonus,TG-M-CD-K,TG,anonymous market,K,Moral,C,D,C-D,False
T12,V26,44.0,0.027563659537362204,,DG_BONUS,DG,Bonus,TG-C-CC-K,TG,anonymous market,K,Cooperation,C,C,C-C,False
T12,V27,46.333333333333336,0.028686369662699236,,DG_BONUS,DG,Bonus,UG-S-DC-P,UG,personal,P,Self-interest,D,C,D-C,False
T12,V28,92.33333333333333,0.058249468605636595,0.18749450573012147,DG_BONUS,DG,Bonus,DG-M-K,DG,anonymous market,K,Moral,C,None,C-NA,True
T12,V29,46.0,0.028828508502987182,,DG_BONUS,DG,Bonus,TG-M-CD-P,TG,personal,P,Moral,C,D,C-D,False
T12,V30,38.666666666666664,0.024157182337905647,,DG_BONUS,DG,Bonus,TG-S-DD-P,TG,personal,P,Self-interest,D,D,D-D,False
